Date,Cpi,Food Price Index,Energy Price Index,Hicp,Unemployment Rate,Gdp,Rent Price,House Prices,Lci
2001-01-01,0.0018055197317512484,0.016059957173447548,0.11147362697117999,0.0038372985418266836,0.10931174089068829,0.0,0.0,0.31555955258483004,0.0
2001-02-01,0.0,0.011688079942897944,0.09794725394235995,0.0,0.11032388663967613,0.005330220961370591,0.006099099761798676,0.3284149222536983,0.017083587553386237
2001-03-01,0.03662625741552761,0.008565310492505362,0.07775965198477433,0.04272192376566908,0.11032388663967613,0.010660441922741626,0.012198199523597353,0.3412702919225665,0.03416717510677242
2001-04-01,0.05442352334279077,0.0033012134189863707,0.08285753126699294,0.0634433358915325,0.11842105263157893,0.01599066288411244,0.01829729928539603,0.35412566159143477,0.051250762660158655
2001-05-01,0.06267732783079683,0.009189864382583846,0.08720772158781945,0.07290867229470477,0.11740890688259109,0.02916286849376548,0.02590723449208232,0.35220893354613825,0.05430140329469191
2001-06-01,0.06061387670879537,0.013650963597430399,0.07850734094616638,0.07111793297518543,0.11740890688259109,0.0423350741034183,0.03351716969876861,0.3502922055008417,0.05735204392922516
2001-07-01,0.02682486458602007,0.04755531763026405,0.05532898314301252,0.03300076745970859,0.11538461538461536,0.055507279713071345,0.0411271049054549,0.3483754774555452,0.06040268456375841
2001-08-01,0.027340727366520712,0.044967880085653056,0.061446438281674814,0.033256587362497037,0.11437246963562753,0.061256364601880664,0.04952992843548776,0.3764039263839214,0.09151921903599758
2001-09-01,0.06345112200154746,0.023465381870092783,0.04955138662316477,0.0726528523919161,0.11336032388663969,0.06700544949068976,0.05793275196552061,0.40443237531229737,0.12263575350823674
2001-10-01,0.06964147536755227,0.0,0.01862425231103862,0.07853671015605035,0.1255060728744939,0.0727545343794993,0.06633557549555347,0.43246082424067356,0.1537522879804759
2001-11-01,0.07170492648955396,0.01472162740899352,0.0016992930940728512,0.08109490918393458,0.1255060728744939,0.08244519981939158,0.07581559274867633,0.4479190070514041,0.1354484441732764
2001-12-01,0.09001805519731754,0.01498929336188437,0.0,0.10258378101816334,0.12449392712550611,0.09213586525928386,0.08529561000179964,0.46337718986213416,0.11714460036607688
2002-01-01,0.08460149600206357,0.017933618843683052,0.001971179989124522,0.09132770529547218,0.12145748987854249,0.10182653069917613,0.0947756272549225,0.4788353726728647,0.09884075655887736
2002-02-01,0.0639669847820481,0.011688079942897944,0.00856443719412725,0.06907137375287808,0.12145748987854249,0.11675370517091066,0.1034330208706864,0.5077875673171768,0.10982306284319704
2002-03-01,0.11271601753933469,0.01855817273376159,0.04125883632408919,0.1240726528523921,0.12044534412955465,0.1316808796426452,0.1120904144864503,0.5367397619614891,0.12080536912751683
2002-04-01,0.12819190095434618,0.015524625267665959,0.05696030451332243,0.1407009465336404,0.1082995951417004,0.14660805411437972,0.1207478081022142,0.565691956605801,0.1317876754118365
2002-05-01,0.12793396956409575,0.02444682369735901,0.05933931484502447,0.14504988488104376,0.1082995951417004,0.1526652524684573,0.1273406435990072,0.5684265187625575,0.12873703477730325
2002-06-01,0.12432293010059303,0.03899000713775869,0.047988036976617715,0.13967766692248684,0.10728744939271256,0.15872245082253533,0.1339334790958011,0.5711610809193135,0.12568639414277
2002-07-01,0.09001805519731754,0.05192719486081371,0.054921152800435025,0.10079304169864445,0.10728744939271256,0.16477964917661292,0.14052631459259457,0.57389564307607,0.12263575350823674
2002-08-01,0.09440288883157066,0.05781584582441113,0.0631457313757477,0.10463034024047091,0.10728744939271256,0.18123745183064832,0.15212536796563025,0.5809185083227693,0.1478543827537116
2002-09-01,0.13154500902759847,0.07423269093504636,0.07877922784121802,0.14479406497825553,0.10627530364372473,0.19769525448468372,0.16372442133866594,0.5879413735694681,0.1730730119991865
2002-10-01,0.14186226463760665,0.07423269093504636,0.07952691680261012,0.15528268099258136,0.09716599190283404,0.21415305713871913,0.17532347471170162,0.5949642388161673,0.19829164124466137
2002-11-01,0.14212019602785642,0.07066381156316914,0.05730016313213704,0.15553850089537002,0.09716599190283404,0.22849098235659926,0.18534033172373254,0.6034213138773525,0.19219035997559486
2002-12-01,0.15604849110136687,0.08029978586723768,0.08788743882544861,0.17012023535431076,0.09716599190283404,0.24282890757447984,0.19535718873576347,0.6118783889385373,0.18608907870652835
2003-01-01,0.14573123549135936,0.07940756602426835,0.11575584556824361,0.1547710411870047,0.08906882591093118,0.25716683279235997,0.2053740457477944,0.6203354639997227,0.17998779743746185
2003-02-01,0.14779468661336104,0.07548179871520339,0.15266449157150627,0.149910463034024,0.08603238866396762,0.2696035417429852,0.21401159568988692,0.6121940242521491,0.21354484441732768
2003-03-01,0.1934485426876451,0.07209136331192001,0.11799891245241981,0.20030698388334622,0.08502024291497978,0.2820402506936104,0.22264914563197902,0.6040525845045754,0.2471018913971934
2003-04-01,0.19525406241939613,0.06691648822269802,0.07796356715606309,0.20491174213353824,0.08704453441295545,0.2944769596442356,0.23128669557407155,0.5959111447570018,0.28065893837705913
2003-05-01,0.20402372968790283,0.06620271234832265,0.08652800435019029,0.2138654387311334,0.08603238866396762,0.3117852690526295,0.24013455882891188,0.5974054026011884,0.28716697173073014
2003-06-01,0.20015475883415013,0.06423982869379014,0.09971451876019574,0.21156305960603783,0.08704453441295545,0.32909357846102294,0.24898242208375176,0.5988996604453753,0.29367500508440114
2003-07-01,0.16017539334537023,0.053443968593861524,0.09781131049483419,0.1680736761320032,0.08704453441295545,0.34640188786941684,0.25783028533859165,0.6003939182895619,0.30018303843807204
2003-08-01,0.1594015991746196,0.06299072091363311,0.10542414355628058,0.1680736761320032,0.08704453441295545,0.35928869805732333,0.26702630419073925,0.6026012136503209,0.33292658124872887
2003-09-01,0.19809130771214845,0.07815845824411133,0.08238172920065254,0.20951650038373026,0.08906882591093118,0.37217550824523005,0.2762223230428873,0.6048085090110795,0.3656701240593858
2003-10-01,0.2055713180294041,0.1156316916488222,0.09801522566612283,0.2171910974673832,0.09716599190283404,0.38506231843313654,0.28541834189503534,0.6070158043718386,0.39841366687004265
2003-11-01,0.20944028888315724,0.13704496788008563,0.098694942903752,0.22077257610642143,0.09817813765182187,0.4052316814475938,0.295958764722287,0.5967761837956,0.33455358958714665
2003-12-01,0.2182099561516635,0.1343683083511777,0.12064980967917346,0.2320286518291126,0.09919028340080971,0.42540104446205107,0.30649918754953864,0.5865365632193609,0.27069351230425065
2004-01-01,0.20479752385865346,0.15283725910064244,0.13138934203371397,0.21488871834228718,0.1740890688259109,0.44557040747650833,0.3170396103767903,0.5762969426431221,0.20683343502135448
2004-02-01,0.19834923910239866,0.17291220556745185,0.12615551930396954,0.20209772320286534,0.15485829959514175,0.453322939828422,0.3290478769571923,0.5751268608599287,0.20398617042912348
2004-03-01,0.24941965437193714,0.20529978586723768,0.14552746057640017,0.25991302123305227,0.1578947368421053,0.4610754721803356,0.34105614353759517,0.5739567790767348,0.20113890583689242
2004-04-01,0.2553520763476915,0.19914346895074947,0.15028548123980426,0.26733179841391674,0.1497975708502024,0.4688280045322497,0.3530644101179976,0.5727866972935411,0.19829164124466137
2004-05-01,0.2646376063966982,0.17612419700214127,0.18488308863512773,0.27628549501151234,0.1508097165991903,0.48467100013346864,0.3632076201083141,0.5779656975848688,0.22920479967459828
2004-06-01,0.2584472530306936,0.15533547466095649,0.17094888526373028,0.27193655666410876,0.14676113360323884,0.5005139957346876,0.37335083009863057,0.5831446978761963,0.2601179581045353
2004-07-01,0.21975754449316476,0.1407030692362598,0.1865144100054377,0.23100537221795836,0.15182186234817818,0.5163569913359061,0.38349404008894705,0.588323698167524,0.2910311165344722
2004-08-01,0.214598916688161,0.12794432548179874,0.21179989124524193,0.2248656945510361,0.14777327935222673,0.5051356977137129,0.39204222567284575,0.5961967708681841,0.3294691885295912
2004-09-01,0.25612587051844216,0.12517844396859384,0.20513866231647634,0.2693783576362243,0.1406882591093117,0.49391440409151977,0.40059041125674355,0.6040698435688439,0.36790726052471023
2004-10-01,0.2723755481042045,0.11509635974304061,0.2567971723762915,0.2847275518035306,0.1417004048582996,0.48269311046932617,0.40913859684064224,0.611942916269504,0.4063453325198292
2004-11-01,0.27443899922620574,0.11286581013561742,0.2185290918977705,0.28549501151189594,0.13765182186234814,0.48655233811264176,0.4169184976307343,0.6274651872451606,0.3300793166564979
2004-12-01,0.282692803714212,0.1158101356174161,0.20058455682436108,0.29649526733179865,0.13056680161943324,0.49041156575595735,0.42469839842082635,0.642987458220817,0.25381330079316666
2005-01-01,0.288109362909466,0.11812990720913635,0.22709352909189776,0.3016116653875671,0.13157894736842102,0.4942707933992725,0.43247829921091885,0.6585097291964737,0.1775472849298353
2005-02-01,0.26205829249419654,0.13695574589578868,0.23960032626427405,0.26579687899718607,0.11437246963562753,0.5041006068557377,0.44045046774914764,0.6763753765476166,0.20846044335977226
2005-03-01,0.3105493938612329,0.16497144896502497,0.29187058183795533,0.3192632386799694,0.12246963562753038,0.5139304203122028,0.4484226362873769,0.69424102389876,0.23937360178970912
2005-04-01,0.32705700283724504,0.1472162740899357,0.2926862425231104,0.33614735226400594,0.12044534412955465,0.523760233768668,0.4563948048256057,0.7121066712499029,0.27028676021964615
2005-05-01,0.33350528759349984,0.14221984296930762,0.26624524197933663,0.34356612944487086,0.12348178137651822,0.5338555643587972,0.46324517865840376,0.7274590208327785,0.2853365873500101
2005-06-01,0.3288625225689965,0.13891862955032114,0.3166802610114192,0.3392171910974673,0.13056680161943324,0.5439508949489269,0.4700955524912014,0.7428113704156549,0.3003864144803742
2005-07-01,0.30203765798297644,0.13517130620985002,0.3405383360522022,0.31056536198516227,0.13461538461538458,0.5540462255390566,0.476945926323999,0.7581637199985305,0.31543624161073824
2005-08-01,0.29223626515346934,0.1269628836545325,0.3985182164219684,0.29854182655410577,0.13461538461538458,0.5620032202826695,0.4850579656291232,0.7735277271463745,0.35245068130974166
2005-09-01,0.3396956409595049,0.13552819414703782,0.42482327351821636,0.3494499872090051,0.13765182186234814,0.5699602150262819,0.49317000493424734,0.7888917342942177,0.3894651210087452
2005-10-01,0.3543977302037655,0.14578872234118484,0.4066748232735181,0.3632642619595803,0.1255060728744939,0.5779172097698948,0.5012820442393711,0.8042557414420617,0.4264795607077486
2005-11-01,0.3500128965695124,0.1358850820842255,0.3556280587275692,0.35840368380660026,0.10728744939271256,0.6179606012330219,0.5098188255332743,0.8276171774994159,0.37055114907463904
2005-12-01,0.36058808356977057,0.1505174875089222,0.38709896682979883,0.37093885904323365,0.104251012145749,0.658003992696149,0.5183556068271766,0.850978613556771,0.31462273744152947
2006-01-01,0.35800876966726847,0.16024268379728762,0.39715878194671006,0.3658224609874652,0.08906882591093118,0.698047384159276,0.5268923881210794,0.8743400496141256,0.2586943258084198
2006-02-01,0.3309259736909982,0.18424339757316194,0.3684067427949973,0.3312867741110259,0.09919028340080971,0.7047946430853373,0.5369540888931144,0.8873739557644675,0.2969290217612366
2006-03-01,0.38225432035078644,0.1731798715203426,0.3727569331158238,0.3906369915579435,0.08097165991902833,0.7115419020113987,0.5470157896651493,0.9004078619148099,0.3351637177140533
2006-04-01,0.398761929326799,0.1698786581013561,0.42761011419249584,0.41263750319774894,0.08198380566801622,0.71828916093746,0.5570774904371847,0.9134417680651523,0.3733984136668701
2006-05-01,0.40237296879030193,0.19075660242683795,0.42482327351821636,0.4151957022256334,0.08198380566801622,0.7265684679235427,0.568821220846639,0.9216790256148146,0.3843807199511897
2006-06-01,0.39979365488779983,0.16943254817987147,0.4220364328439369,0.4139166027116912,0.07894736842105265,0.7348477749096245,0.5805649512560933,0.9299162831644765,0.39536302623550956
2006-07-01,0.38534949703378896,0.17960385438972165,0.45377922784121794,0.3949859299053471,0.06882591093117407,0.7431270818957072,0.5923086816655476,0.9381535407141393,0.4063453325198292
2006-08-01,0.3685839566675262,0.17648108493932896,0.4558183795541054,0.37196213865438743,0.0708502024291498,0.7561033443799821,0.6031595302567956,0.9587690271427591,0.439902379499695
2006-09-01,0.40443641991230317,0.17514275517487504,0.3655519303969549,0.4169864415451525,0.06376518218623484,0.7690796068642569,0.6140103788480431,0.9793845135713799,0.47345942647956074
2006-10-01,0.4168171266443128,0.20110635260528192,0.34420880913539964,0.4318239959068819,0.05060728744939269,0.7820558693485318,0.6248612274392911,1.0000000000000002,0.5070164734594266
2006-11-01,0.4147536755223111,0.23010349750178444,0.3599102773246329,0.4282425172678437,0.07186234817813764,0.7988743209434805,0.6351881711457872,0.9917598819009312,0.520642668293675
2006-12-01,0.42532886252256885,0.23286937901498922,0.3738444806960304,0.4412893323100535,0.06983805668016196,0.8156927725384289,0.6455151148522833,0.9835197638018622,0.5342688631279237
2007-01-01,0.4186226463760643,0.2385795860099928,0.31878738444806953,0.43233563571245837,0.05769230769230771,0.8325112241333776,0.6558420585587794,0.9752796457027937,0.5478950579621721
2007-02-01,0.38973433066804253,0.26008208422555307,0.36079390973355074,0.39677666922486576,0.06376518218623484,0.852835353819329,0.6641921104724946,0.97978708715542,0.5385397600162701
2007-03-01,0.4415785401083312,0.25740542469664524,0.37547580206634035,0.45203376822716823,0.06072874493927127,0.8731594835052807,0.6725421623862107,0.9842945286080462,0.5291844620703682
2007-04-01,0.45602269796234207,0.2557102069950035,0.4110929853181077,0.46994116142235853,0.04858299595141702,0.893483613191232,0.6808922142999259,0.9888019700606725,0.5198291641244661
2007-05-01,0.46195511993809646,0.27783725910064244,0.41197661772702554,0.47403427986697366,0.053643724696356254,0.8986718463805896,0.6889307900112613,0.9919875515625638,0.5297945901972747
2007-06-01,0.4593758060355948,0.3099571734475374,0.4331837955410549,0.4730110002558199,0.049595141700404854,0.9038600795699476,0.6969693657225968,0.9951731330644555,0.5397600162700835
2007-07-01,0.4420944028888316,0.3263740185581728,0.4651984774333876,0.455615246866206,0.04453441295546556,0.9090483127593048,0.7050079414339323,0.9983587145663468,0.5497254423428921
2007-08-01,0.4250709311323191,0.33824054246966456,0.4412724306688417,0.43233563571245837,0.05161943319838058,0.9194219393825802,0.7138390013978895,0.9875144122567281,0.5725035590807402
2007-09-01,0.47046685581635295,0.3805317630264096,0.4892604676454595,0.48324379636735726,0.04655870445344129,0.9297955660058557,0.7226700613618471,0.9766701099471093,0.5952816758185886
2007-10-01,0.4874903275728655,0.41033190578158457,0.5377922784121805,0.49936045024302933,0.0374493927125506,0.9401691926291307,0.7315011213258042,0.9658258076374902,0.6180597925564368
2007-11-01,0.5042558679391282,0.4412027123483225,0.6134448069603045,0.5170120235354312,0.021255060728744946,0.9579602604623687,0.7402003091643072,0.9575652455637289,0.6575147447630669
2007-12-01,0.514315192158886,0.4734118486795145,0.6025013594344752,0.5287797390636992,0.0293522267206478,0.9757513282956072,0.7488994970028107,0.9493046834899677,0.696969696969697
2008-01-01,0.5076089760123805,0.5302462526766594,0.6233686786296899,0.5208493220772574,0.008097165991902855,0.9935423961288452,0.7575986848413141,0.941044121416206,0.736424649176327
2008-02-01,0.48981171008511737,0.6181299072091362,0.6615008156606851,0.4980813507290871,0.017206477732793546,0.9909227217352041,0.7664610499697546,0.9353170836445319,0.7305267439495627
2008-03-01,0.5437193706474077,0.6883476088508207,0.7270935290918977,0.5518035303146585,0.030364372469635637,0.988303047341563,0.7753234150981951,0.9295900458728583,0.7246288387227985
2008-04-01,0.5589373226721692,0.7208244111349036,0.7896954866775421,0.5715016628293683,0.017206477732793546,0.985683372947922,0.7841857802266357,0.9238630081011847,0.7187309334960342
2008-05-01,0.5759607944286822,0.7181477516059955,0.9043637846655792,0.587874136607828,0.0,0.9904555819652814,0.793752047292398,0.9251625514380362,0.7085621313809234
2008-06-01,0.5736394119164303,0.7528551034975015,0.9914355628058726,0.5865950370938862,0.009109311740890691,0.9952277909826404,0.8033183143581604,0.9264620947748876,0.6983933292658124
2008-07-01,0.5548104204281659,0.7250178443968593,1.0,0.568431823995907,0.009109311740890691,0.9999999999999998,0.8128845814239223,0.9277616381117391,0.6882245271507017
2008-08-01,0.5318545266958989,0.618397573162027,0.835916258836324,0.5415707342031211,0.017206477732793546,0.9880772867840621,0.8220180703905795,0.9190464654405852,0.7140532845230833
2008-09-01,0.5787980397214341,0.5523733047822983,0.7211799891245241,0.5922230749552315,0.015182186234817818,0.9761545735681241,0.8311515593572367,0.9103312927694309,0.7398820418954647
2008-10-01,0.5787980397214341,0.3958779443254817,0.507137030995106,0.5929905346635969,0.010121457489878527,0.9642318603521864,0.840285048323894,0.9016161200982771,0.7657107992678464
2008-11-01,0.5723497549651793,0.3437723054960741,0.3650761283306144,0.58761831670504,0.026315789473684237,0.9465046870163543,0.8480169964071123,0.8728543082081457,0.6794793573317065
2008-12-01,0.5610007737941709,0.3162027123483226,0.25931212615551924,0.5804553594269635,0.05060728744939269,0.9287775136805216,0.8557489444903301,0.8440924963180148,0.5932479153955664
2009-01-01,0.5493938612329119,0.3733940042826552,0.2667890157694399,0.5674085443847532,0.07894736842105265,0.9110503403446895,0.8634808925735484,0.8153306844278834,0.5070164734594266
2009-02-01,0.5272117616713956,0.36500713775874377,0.2334148994018488,0.5405474545919673,0.09716599190283404,0.9314312651394461,0.8728224504870581,0.823712670229565,0.5527760829774253
2009-03-01,0.5749290688676809,0.3613490364025696,0.25768080478520927,0.5881299565106168,0.09008097165991902,0.9518121899342027,0.8821640084005673,0.832094656031247,0.5985356924954242
2009-04-01,0.582409079184937,0.3907030692362598,0.27195486677542136,0.5988743924277311,0.09514170040485831,0.9721931147289593,0.8915055663140774,0.8404766418329286,0.6442953020134229
2009-05-01,0.5880835697704412,0.44432548179871517,0.33047852093529095,0.6050140700946534,0.10323886639676116,0.9590067103421054,0.8992539596388234,0.8290333865471944,0.6410412853365874
2009-06-01,0.5865359814289399,0.4473590292648108,0.41197661772702554,0.6032233307751347,0.1082995951417004,0.945820305955251,0.9070023529635698,0.8175901312614611,0.637787268659752
2009-07-01,0.5684807841114261,0.40488936473947174,0.3722131593257204,0.5853159375799439,0.1255060728744939,0.9326339015683971,0.9147507462883162,0.8061468759757269,0.6345332519829165
2009-08-01,0.550683518184163,0.4354925053533189,0.42122077215878184,0.5648503453568692,0.12854251012145745,0.9438906921335934,0.9208998553317027,0.8101651233122109,0.6912751677852349
2009-09-01,0.5963373742584475,0.40765524625267663,0.3951876019575856,0.6101304681504223,0.1406882591093117,0.9551474826987898,0.9270489643750897,0.814183370648695,0.7480170835875534
2009-10-01,0.6087180809904567,0.41720199857244816,0.44942903752039154,0.6229214632898441,0.13866396761133604,0.9664042732639861,0.9331980734184762,0.8182016179851785,0.8047589993898719
2009-11-01,0.6210987877224659,0.4459314775160598,0.4749184339314845,0.6385264773599388,0.17004048582995956,0.9421144251057096,0.9393547085465617,0.8059306416875145,0.725035590807403
2009-12-01,0.624967758576219,0.4528907922912205,0.4727433387710711,0.6418521360961882,0.167004048582996,0.9178245769474331,0.9455113436746476,0.79365966538985,0.6453121822249339
2010-01-01,0.606654629868455,0.46100999286224115,0.5003398586188145,0.6231772831926321,0.18825910931174095,0.8935347287891566,0.9516679788027331,0.7813886890921855,0.565588773642465
2010-02-01,0.5935001289656952,0.4334403997144896,0.4783170201196302,0.6083397288309031,0.2176113360323887,0.8719043116006848,0.9574046615638045,0.7737392325455168,0.6211104331909701
2010-03-01,0.6708795460407528,0.4087259100642397,0.5025149537792277,0.6830391404451266,0.21963562753036436,0.850273894412213,0.9631413443248755,0.7660897759988485,0.6766320927394754
2010-04-01,0.7007995873097759,0.4007851534618129,0.5326943991299619,0.7142491685853161,0.2419028340080972,0.8286434772237412,0.968878027085947,0.7584403194521803,0.7321537522879805
2010-05-01,0.7211761671395407,0.3890078515346181,0.4710440456769983,0.7339473011000259,0.26214574898785425,0.8113422672039483,0.9728749449080549,0.7438719249993577,0.756965629448851
2010-06-01,0.7144699509930361,0.37758743754461094,0.47077215878194656,0.7295983627526224,0.2682186234817814,0.794041057184155,0.9768718627301625,0.7293035305465347,0.7817775066097213
2010-07-01,0.7020892442610265,0.41961099214846526,0.4690048939641108,0.7185981069327192,0.2894736842105263,0.7767398471643621,0.9808687805522704,0.7147351360937126,0.8065893837705919
2010-08-01,0.6842919783337633,0.46823697359029254,0.47464654703643283,0.6996674341263751,0.28744939271255066,0.7630295078987797,0.9829277271349621,0.6960952411301393,0.8710595891803946
2010-09-01,0.7332989424813001,0.5162384011420413,0.47410277324632943,0.7480173957533895,0.3076923076923077,0.7493191686331973,0.9849866737176538,0.677455346166566,0.9355297945901974
2010-10-01,0.7374258447253035,0.5673625981441826,0.5115551930396953,0.7513430544896393,0.3431174089068826,0.7356088293676148,0.9870456203003455,0.6588154512029929,0.9999999999999999
2010-11-01,0.7433582667010574,0.5993932905067807,0.5386759108210983,0.7567152724481967,0.3431174089068826,0.7083116801981013,0.9892583624484392,0.6585555303175128,0.9086841570063046
2010-12-01,0.7539334537013156,0.6556031406138472,0.5870038064165306,0.7692504476848301,0.3724696356275303,0.6810145310285878,0.991471104596533,0.6582956094320325,0.8173683140126095
2011-01-01,0.7353623936033014,0.6991434689507494,0.6167074497009244,0.7436684574059864,0.3927125506072875,0.6537173818590742,0.9936838467446267,0.6580356885465524,0.7260524710189141
2011-02-01,0.7013154500902758,0.7358137044967878,0.6491299619358346,0.7093885904323356,0.40384615384615385,0.6403037970369991,0.9957892311630845,0.6324974046778178,0.7183241814114297
2011-03-01,0.7851431519215888,0.6855817273376159,0.7258020663404023,0.7909951394218471,0.4423076923076923,0.626890212214924,0.9978946155815422,0.606959120809083,0.7105958918039457
2011-04-01,0.8016507608976013,0.6987865810135616,0.7859570418705817,0.8081350729086725,0.45647773279352233,0.6134766273928489,1.0,0.5814208369403484,0.7028676021964613
2011-05-01,0.8062935259221047,0.6825481798715203,0.7261419249592168,0.8140189306728063,0.4655870445344129,0.5981277492382355,0.9999752463154215,0.5659540540617032,0.6772422208663821
2011-06-01,0.8006190353366005,0.6827266238401142,0.7127514953779226,0.8086467127142489,0.4898785425101214,0.5827788710836226,0.9999504926308433,0.5504872711830582,0.6516168395363027
2011-07-01,0.7637348465308227,0.6887937187723052,0.7301522566612287,0.7723202865182914,0.5242914979757085,0.5674299929290092,0.9999257389462652,0.535020488304413,0.6259914582062234
2011-08-01,0.7268506577250449,0.7021770164168448,0.6723083197389885,0.7354822205167562,0.5597165991902834,0.5481480534896337,0.9982068895566139,0.5139058214309082,0.62660158633313
2011-09-01,0.8127418106783595,0.6824589578872233,0.6742794997281131,0.822460987464825,0.5728744939271255,0.5288661140502582,0.996488040166962,0.49279115455740397,0.6272117144600367
2011-10-01,0.8155790559711118,0.6264275517487508,0.6651712887438824,0.825019186492709,0.6427125506072874,0.5095841746108827,0.9947691907773106,0.47167648768389947,0.6278218425869432
2011-11-01,0.8197059582151147,0.6186652391149177,0.7007205002718868,0.8301355845484779,0.6447368421052632,0.4959689671525489,0.9887446166768088,0.4436670341911997,0.6351433801098232
2011-12-01,0.8171266443126126,0.5997501784439685,0.6913404023926046,0.8257866462010743,0.687246963562753,0.4823537596942151,0.982720042576307,0.4156575806984999,0.6424649176327029
2012-01-01,0.795718338921847,0.61714846538187,0.7090810222947252,0.7966231772831924,0.6983805668016195,0.46873855223588134,0.9766954684758051,0.38764812720580033,0.6497864551555828
2012-02-01,0.7552231106525666,0.6448965024982154,0.7472131593257205,0.7518546942952162,0.7246963562753036,0.4558190848604118,0.9678592711070215,0.38149737976496145,0.6357535082367297
2012-03-01,0.8295073510446223,0.6758565310492504,0.7811990212071778,0.8262982860066517,0.7580971659919028,0.4428996174849422,0.9590230737382375,0.37534663232412235,0.6217205613178769
2012-04-01,0.8524632447768896,0.6812990720913632,0.7463974986405655,0.8482987976464571,0.7864372469635629,0.42998015010947266,0.9501868763694539,0.3691958848832835,0.6076876143990239
2012-05-01,0.8434356461181327,0.658369022127052,0.6795133224578574,0.8388334612432846,0.8117408906882592,0.42017163481880915,0.9407743353458171,0.3430866070429712,0.5845027455765711
2012-06-01,0.8354397730203766,0.6524803711634546,0.5792550299075584,0.8337170631875161,0.8663967611336033,0.4103631195281463,0.9313617943221812,0.31697732920265875,0.5613178767541185
2012-07-01,0.798813515604849,0.7613311920057102,0.6269711799891244,0.7958557175748271,0.8825910931174089,0.400554604237483,0.9219492532985449,0.2908680513623465,0.5381330079316656
2012-08-01,0.771988651018829,0.7634725196288366,0.6888254486133768,0.7649015093374265,0.9038461538461539,0.3934268180824265,0.9108356146320413,0.28110727918561174,0.5285743339434615
2012-09-01,0.8369873613618779,0.7520521056388294,0.6948069603045133,0.8298797646456895,0.923076923076923,0.3862990319273705,0.8997219759655373,0.2713465070088765,0.5190156599552573
2012-10-01,0.8591694609233946,0.7108315488936472,0.6767944535073408,0.8495778971603993,0.9149797570850203,0.379171245772314,0.8886083372990332,0.26158573483214154,0.5094569859670531
2012-11-01,0.8457570286303842,0.6873661670235545,0.6645595432300162,0.8411358403683806,0.9544534412955467,0.3749400101663243,0.8730272783367581,0.2466881211883416,0.45393532641854795
2012-12-01,0.8387928810936289,0.6777301927194859,0.6652392604676454,0.8342287029930926,0.9463562753036437,0.3707087745603348,0.8574462193744825,0.23179050754454145,0.39841366687004276
2013-01-01,0.8011348981171009,0.6643468950749463,0.6939912996193582,0.7979022767971351,0.9635627530364373,0.3664775389543451,0.8418651604122069,0.2168928939007415,0.3428920073215376
2013-02-01,0.7570286303843177,0.6599750178443968,0.7130913539967373,0.755436172934254,0.9554655870445344,0.3586596922273053,0.8175879885299202,0.20632147735780348,0.3485865365059996
2013-03-01,0.8238328604591181,0.6533725910064239,0.6791054921152799,0.8199027884369405,0.9787449392712552,0.35084184550026554,0.7933108166476339,0.19575006081486546,0.3542810656904617
2013-04-01,0.8362135671911273,0.6213418986438257,0.6581022294725393,0.8324379636735739,1.0,0.34302399877322554,0.7690336447653467,0.18517864427192743,0.3599755948749237
2013-05-01,0.8313128707763737,0.6240185581727338,0.6586460032626427,0.8311588641596317,0.993927125506073,0.3337564568939324,0.7446507674089937,0.18044306392977671,0.40492170022371365
2013-06-01,0.8248645860201189,0.6313347608850819,0.656810766721044,0.827065745715017,0.992914979757085,0.32448891501463906,0.7202678900526407,0.17570748358762622,0.4498678055725036
2013-07-01,0.7805003868970855,0.6034082798001426,0.6920201196302338,0.7835763622409826,0.9979757085020243,0.3152213731353457,0.6958850126962877,0.1709719032454755,0.49481391092129356
2013-08-01,0.7381996388960537,0.5665596002855104,0.7111201740076127,0.7398311588641597,0.9868421052631579,0.3090420652973367,0.6735281481772666,0.15638808848668573,0.4285133211307708
2013-09-01,0.8068093887026051,0.5626338329764453,0.715674279499728,0.8030186748529036,0.9989878542510121,0.30286275745932745,0.6511712836582455,0.14180427372789572,0.3622127313402481
2013-10-01,0.8050038689708536,0.5646859386152747,0.6931756389342032,0.7989255564082884,0.9767206477732794,0.29668344962131843,0.6288144191392244,0.12722045896910572,0.29591214154972545
2013-11-01,0.768377611555326,0.5564775160599571,0.6733958673191951,0.7649015093374265,0.9817813765182187,0.29896945275072895,0.6106028489012094,0.12124519269348943,0.29631889363432984
2013-12-01,0.7923652308485942,0.5512134189864382,0.7012642740619901,0.7858787413660786,0.97165991902834,0.3012554558801397,0.5923912786631935,0.11526992641787315,0.29672564571893434
2014-01-01,0.7619293267990712,0.5329229122055674,0.6801930396954866,0.7610642107955998,0.9564777327935222,0.30354145900955,0.5741797084251785,0.10929466014225664,0.29713239780353873
2014-02-01,0.7268506577250449,0.5487152034261242,0.7086731919521477,0.7331798413916606,0.9605263157894738,0.2990560652916572,0.5617712119355418,0.10805582737062225,0.2692698800081351
2014-03-01,0.7877224658240909,0.5981441827266236,0.6907286568787384,0.7805065234075212,0.944331983805668,0.29457067157376415,0.5493627154459046,0.10681699459898786,0.2414073622127313
2014-04-01,0.7998452411658499,0.5845824411134903,0.6939912996193582,0.7902276797134817,0.9392712550607288,0.2900852778558711,0.5369542189562684,0.10557816182735347,0.21354484441732768
2014-05-01,0.778694867165334,0.5822626695217701,0.6977297444263186,0.774366845740599,0.9463562753036437,0.2991724952647081,0.5299934137087448,0.10111906397423454,0.21130770795200327
2014-06-01,0.795718338921847,0.5550499643112061,0.714858618814573,0.7881811204911742,0.9149797570850203,0.3082597126735447,0.5230326084612216,0.09665996612111583,0.20907057148667885
2014-07-01,0.7624451895795721,0.5254282655246252,0.6839314845024469,0.7615758506011772,0.9089068825910932,0.31734693008238146,0.5160718032136979,0.0922008682679969,0.20683343502135448
2014-08-01,0.7304616971885478,0.5086545324768021,0.6449836867862968,0.733691481197237,0.8957489878542509,0.31325058285980445,0.49870459440685,0.08955057568417191,0.19463087248322147
2014-09-01,0.7843693577508382,0.47715917201998564,0.613852637302882,0.7741110258378101,0.8876518218623483,0.309154235637227,0.48133738560000205,0.08690028310034648,0.18242830994508852
2014-10-01,0.7601238070673202,0.47064596716630974,0.543026101141925,0.7515988743924278,0.8866396761133603,0.30505788841465,0.4639701767931541,0.08424999051652149,0.1702257474069555
2014-11-01,0.7356203249935516,0.4856352605281941,0.4762778684067427,0.7331798413916606,0.8684210526315789,0.3027193498095946,0.4582519439705335,0.0820147744682278,0.24628838722798463
2014-12-01,0.7232396182615424,0.47198429693076366,0.3550842849374659,0.7196213865438734,0.8734817813765182,0.3003808112045392,0.4525337111479133,0.07977955841993412,0.32235102704901364
2015-01-01,0.6873871550167654,0.44932191291934337,0.25006797172376294,0.6896904579176262,0.8724696356275304,0.2980422725994838,0.44681547832529267,0.07754434237164043,0.39841366687004265
2015-02-01,0.6708795460407528,0.4238044254104211,0.3028820010875476,0.6843182399590688,0.8805668016194331,0.2951357829063763,0.4406287751952789,0.06350612966766733,0.3760423022167988
2015-03-01,0.730719628578798,0.407209136331192,0.28622892876563344,0.7319007418777179,0.8684210526315789,0.2922292932132684,0.43444207206526464,0.049467916963694014,0.35367093756355505
2015-04-01,0.7436161980913076,0.39864382583868657,0.30961120174007606,0.7429009976976211,0.8522267206477733,0.28932280352016093,0.4282553689352504,0.03542970425972114,0.3312995729103111
2015-05-01,0.7216920299200416,0.38258386866523914,0.3484910277324632,0.7372729598362753,0.8279352226720648,0.283251406388882,0.4170432477861623,0.03841804660968351,0.350823672971324
2015-06-01,0.7381996388960537,0.37571377587437543,0.338295269168026,0.7595292913788696,0.8299595141700405,0.2771800092576029,0.4058311266370742,0.04140638895964588,0.3703477730323368
2015-07-01,0.703894763992778,0.38481441827266233,0.28867591082109845,0.729086722947045,0.8350202429149797,0.27110861212632376,0.3946190054879861,0.04439473130960825,0.3898718730933496
2015-08-01,0.6928037142120198,0.33806209850107066,0.22389885807504076,0.7237145049884881,0.8107287449392712,0.27887392337771866,0.3866869849807979,0.03569556815952679,0.37136465324384793
2015-09-01,0.7387155016765541,0.32209136331192006,0.22668569874932024,0.7541570734203122,0.8279352226720648,0.2866392346291138,0.37875496447360923,0.026996405009445334,0.35285743339434616
2015-10-01,0.736136187774052,0.33413633119200564,0.22661772702555735,0.7492964952673318,0.825910931174089,0.2944045458805087,0.370822943966421,0.018297241859363877,0.3343502135448444
2015-11-01,0.7162754707247871,0.32226980728051385,0.1938553561718325,0.7303658224609877,0.8117408906882592,0.2852576936074267,0.36363600592790357,0.024203039641642388,0.3768558063860077
2015-12-01,0.7188547846272892,0.32334047109207703,0.14314845024469816,0.7295983627526224,0.805668016194332,0.27611084133434427,0.3564490678893857,0.030108837423921342,0.4193613992271711
2016-01-01,0.6685581635285014,0.3240542469664525,0.09312126155519304,0.6866206190841648,0.8198380566801619,0.26696398906126206,0.34926212985086824,0.036014635206200074,0.46186699206833437
2016-02-01,0.6579829765282432,0.3303890078515345,0.09835508428493747,0.6861089792785879,0.8066801619433198,0.27225445344646904,0.34755133808744265,0.03317093543086225,0.45129143786861914
2016-03-01,0.691771988651019,0.3485010706638115,0.14199293094072865,0.714760808390893,0.8026315789473685,0.27754491783167645,0.34584054632401706,0.03032723565552442,0.4407158836689038
2016-04-01,0.7108589115295332,0.3717880085653104,0.1678901576943991,0.7319007418777179,0.7773279352226722,0.2828353822168834,0.34412975456059147,0.027483535880186594,0.43014032946918856
2016-05-01,0.6992519989682746,0.4075660242683797,0.20690592713431213,0.7321565617805064,0.7854251012145749,0.2777209826689726,0.3445970621598913,0.021741398907651144,0.43441122635753515
2016-06-01,0.7196285787980394,0.4464668094218415,0.22743338771071234,0.7654131491430034,0.7753036437246964,0.2726065831210618,0.3450643697591911,0.015999261935115694,0.43868212324588163
2016-07-01,0.6770698994067579,0.41514989293361876,0.20609026644915715,0.7342031210028139,0.7742914979757086,0.26749218357315074,0.34553167735849044,0.010257124962580244,0.4429530201342282
2016-08-01,0.6685581635285014,0.39935760171306206,0.21152800435019029,0.7347147608083913,0.7894736842105262,0.26959928210982476,0.3462894937253167,0.013807800604159537,0.4677648972950986
2016-09-01,0.7134382254320353,0.3903461812990721,0.21696574225122348,0.7526221540035816,0.7611336032388664,0.27170638064649877,0.34704731009214296,0.01735847624573883,0.49257677445596915
2016-10-01,0.7234975496517926,0.3797287651677372,0.25836052202283843,0.7641340496290612,0.7591093117408908,0.273813479183173,0.3478051264589692,0.020909151887318123,0.5173886516168396
2016-11-01,0.6935775083827704,0.38481441827266233,0.22920065252854813,0.7262727040163726,0.7732793522267206,0.27496641989191906,0.3458682657775367,0.013939434591545341,0.454952206630059
2016-12-01,0.7193706474077897,0.3881156316916488,0.286568787384448,0.7370171399334868,0.7763157894736842,0.2761193606006651,0.3439314050961042,0.0069697172957727815,0.3925157616432785
2017-01-01,0.6979623420170236,0.40453247680228405,0.29207449700924415,0.7247377845996419,0.7591093117408908,0.2772723013094114,0.34199454441467214,0.0,0.3300793166564979
2017-02-01,0.6907402630900181,0.40105281941470367,0.29241435562805873,0.7221795855717574,0.7449392712550608,0.2844526229401123,0.33256817312847753,0.0024578409803288626,0.3317063249949156
2017-03-01,0.7363941191643022,0.3891862955032119,0.26441000543773785,0.7572269122537736,0.7186234817813765,0.29163294457081346,0.3231418018422838,0.004915681960657947,0.33333333333333337
2017-04-01,0.753159659530565,0.38035331905781583,0.2765089722675367,0.7741110258378101,0.6973684210526315,0.2988132662015146,0.3137154305560892,0.00737352294098681,0.33496034167175115
2017-05-01,0.7299458344080474,0.40176659528907915,0.2577487765089723,0.7700179073931954,0.694331983805668,0.3012597155132999,0.30189636465543446,0.006345321777527557,0.3205206426682936
2017-06-01,0.7459375806035595,0.3990899357601712,0.23042414355628058,0.7889485801995395,0.6629554655870445,0.30370616482508517,0.2900772987547797,0.005317120614068305,0.3060809436648363
2017-07-01,0.7026051070415269,0.4005174875089222,0.24388254486133762,0.75773855205935,0.6487854251012145,0.30615261413687067,0.278258232854125,0.004288919450609052,0.29164124466137886
2017-08-01,0.6909981944802683,0.3721448965024982,0.26495377922784125,0.7498081350729087,0.6396761133603238,0.3049002819877151,0.26633752651771214,0.006019703392564635,0.3044539353264186
2017-09-01,0.7394892958473047,0.3786581013561741,0.28894779771615,0.7794832437963675,0.6406882591093118,0.30364794983856,0.25441682018129974,0.0077504873345204395,0.31726662599145816
2017-10-01,0.7420686097498064,0.3730371163454674,0.3027460576400217,0.7761575850601177,0.6406882591093118,0.3023956176894047,0.2424961138448869,0.009481271276476022,0.3300793166564979
2017-11-01,0.722723755481042,0.3783012134189864,0.3420337139749863,0.7531337938091585,0.6518218623481781,0.3069761432145466,0.2354328945981612,0.0093853126906418,0.2999796623957698
2017-12-01,0.7363941191643022,0.36946823697359027,0.35209352909189773,0.7618316705039652,0.6437246963562754,0.31155666873968824,0.22836967535143549,0.009289354104807357,0.26988000813504165
2018-01-01,0.6935775083827704,0.3912384011420414,0.39899401848830884,0.7301100025581992,0.6265182186234818,0.3161371942648301,0.22130645610470978,0.009193395518972913,0.23978035387431362
2018-02-01,0.6922878514315194,0.41158101356174154,0.368610657966286,0.7324123816832953,0.6406882591093118,0.3148593043167123,0.220205307368754,0.010373229684130347,0.23815334553589584
2018-03-01,0.7304616971885478,0.42121698786581013,0.3710576400217509,0.7623433103095425,0.6153846153846154,0.31358141436859466,0.21910415863279775,0.01155306384928756,0.23652633719747818
2018-04-01,0.7541913850915658,0.4398643825838687,0.40524741707449696,0.7871578408800208,0.5921052631578948,0.31230352442047704,0.21800300989684196,0.012732898014444771,0.2348993288590604
2018-05-01,0.7456796492133093,0.44610992148465384,0.4448749320282762,0.7897160399079048,0.5657894736842105,0.3155649835436172,0.21830773952197502,0.018791465685477293,0.25503355704697983
2018-06-01,0.7714727882383285,0.41568522483940035,0.43855356171832505,0.8142747505755952,0.5617408906882592,0.3188264426667575,0.21861246914710808,0.024850033356509815,0.2751677852348994
2018-07-01,0.7242713438225432,0.38526052819414697,0.4446710168569874,0.7779483243796368,0.5516194331983806,0.3220879017898979,0.2189171987722407,0.030908601027542337,0.2953020134228188
2018-08-01,0.7157596079442867,0.37392933618843677,0.4354948341489939,0.7725761064210794,0.5465587044534413,0.326747940467367,0.21957660780089805,0.03984518879960075,0.2965222696766321
2018-09-01,0.767861748774826,0.34662740899357597,0.4710440456769983,0.8089025326170378,0.541497975708502,0.3314079791448361,0.2202360168295554,0.04878177657165916,0.29774252593044537
2018-10-01,0.7882383286045913,0.3534082798001427,0.4795405111473626,0.8219493476592481,0.5323886639676113,0.3360680178223052,0.22089542585821276,0.0577183643437178,0.29896278218425865
2018-11-01,0.748258963115811,0.33948965024982153,0.3778548123980424,0.7802507035047324,0.5404858299595142,0.3424801856064157,0.2208116647718148,0.06415599370580272,0.3052674394956274
2018-12-01,0.7508382770183131,0.3505531763026409,0.3151848830886351,0.7782041442824252,0.5354251012145749,0.34889235339052616,0.2207279036854164,0.07059362306788741,0.31157209680699616
2019-01-01,0.7046685581635286,0.35849393290506776,0.32272974442631863,0.7439242773087749,0.5546558704453441,0.3553045211746366,0.22064414259901843,0.07703125242997233,0.3178767541183649
2019-02-01,0.7080216662367813,0.36277658815132047,0.3471315932572049,0.7521105141980047,0.5455465587044535,0.36128362625410726,0.21999281940756754,0.09125345671224805,0.31726662599145816
2019-03-01,0.7549651792623164,0.35162384011420417,0.364532354540511,0.7894602200051164,0.5344129554655871,0.36726273133357745,0.2193414962161171,0.10547566099452355,0.31665649786455163
2019-04-01,0.7807583182873357,0.34957173447537465,0.39335236541598695,0.8152980301867485,0.4989878542510121,0.3732418364130481,0.21869017302466665,0.11969786527679904,0.3160463697376449
2019-05-01,0.7516120711890637,0.3407387580299786,0.37697117998912444,0.8050652340752111,0.4665991902834008,0.3670156726102749,0.21888563616339596,0.13324218459373238,0.3164531218222493
2019-06-01,0.7639927779210733,0.3682191291934332,0.3176318651441,0.8206702481453059,0.458502024291498,0.3607895088075015,0.21908109930212571,0.14678650391066572,0.3168598739068538
2019-07-01,0.7255610007737943,0.35751249107780153,0.3297988036976617,0.7894602200051164,0.46356275303643724,0.3545633450047283,0.21927656244085458,0.16033082322759884,0.31726662599145816
2019-08-01,0.7113747743100336,0.3381513204853675,0.2994834148994019,0.774622665643387,0.45647773279352233,0.3517704455292312,0.21968811248305853,0.15299681727478465,0.31075859263778727
2019-09-01,0.7657982976528244,0.3338686652391148,0.32143828167482313,0.8145305704783832,0.45647773279352233,0.3489775460537339,0.22009966252526247,0.14566281132197068,0.30425055928411626
2019-10-01,0.7691514057260767,0.35251605995717333,0.30240619902120713,0.8127398311588645,0.4412955465587045,0.3461846465782368,0.22051121256746598,0.13832880536915648,0.29774252593044537
2019-11-01,0.7541913850915658,0.3843683083511777,0.32823545405111465,0.7943207981580969,0.43724696356275305,0.33768809830097446,0.22037533517522334,0.15304287827931784,0.2784218019117347
2019-12-01,0.7714727882383285,0.40417558886509636,0.3437330070690592,0.805576873880788,0.42813765182186236,0.32919155002371214,0.22023945778297982,0.16775695118947942,0.25910107789302417
2020-01-01,0.7268506577250449,0.42549964311206284,0.3271479064709081,0.7718086467127141,0.3987854251012146,0.3206950017464496,0.22010358039073719,0.18247102409964078,0.23978035387431362
2020-02-01,0.7139540882125353,0.39007851534618126,0.26271071234366494,0.7625991302123305,0.381578947368421,0.23047881116478264,0.21979436842350442,0.19231274743926918,0.24994915598942447
2020-03-01,0.7547072478720658,0.36795146324054245,0.10705546492659054,0.7943207981580969,0.3906882591093117,0.14026262058311545,0.21948515645627253,0.20215447077889737,0.2601179581045352
2020-04-01,0.742842403920557,0.3464489650249822,0.020663404023926052,0.7912509593246355,0.4251012145748988,0.05004643000144826,0.2191759444890402,0.21199619411852577,0.27028676021964615
2020-05-01,0.7216920299200416,0.34475374732334046,0.08496465470364331,0.7871578408800208,0.4524291497975709,0.0842342457467562,0.21933556514868835,0.20153346431851804,0.28065893837705913
2020-06-01,0.722723755481042,0.37053890078515334,0.14974170744970092,0.7700179073931954,0.5182186234817814,0.11842206149206458,0.21949518580833693,0.1910707345185101,0.2910311165344722
2020-07-01,0.6788754191385089,0.3717880085653104,0.1691816204458945,0.7344589409056024,0.42105263157894735,0.15260987723737252,0.21965480646798508,0.18060800471850236,0.3014032946918853
2020-08-01,0.6623678101624968,0.39150606709493213,0.18671832517672646,0.7160399079048352,0.4311740890688259,0.16647782292988933,0.21983245740673985,0.2011147982140713,0.2922513727882856
2020-09-01,0.7136961568222855,0.4195217701641684,0.16761827079934746,0.7533896137119469,0.4271255060728745,0.18034576862240637,0.22001010834549417,0.22162159170964002,0.2830994508846858
2020-10-01,0.722723755481042,0.44726980728051385,0.17006525285481236,0.7590176515732923,0.4352226720647774,0.19421371431492318,0.2201877592842485,0.24212838520520896,0.2739475289810861
2020-11-01,0.7000257931390252,0.4954496788008564,0.19269983686786293,0.7380404195446406,0.4089068825910931,0.2139400754806995,0.21994422192936902,0.2552122787940123,0.2475086434817979
2020-12-01,0.7100851173587825,0.5262312633832975,0.24884448069603046,0.7426451777948322,0.3825910931174089,0.23366643664647624,0.2197006845744891,0.2682961723828159,0.2210697579825096
2021-01-01,0.676038173845757,0.6087615988579584,0.296152800435019,0.709644410335124,0.3572874493927125,0.25339279781225255,0.21945714721960918,0.28138006597161924,0.19463087248322147
2021-02-01,0.6811968016507608,0.6231263383297643,0.3675231103860793,0.7145049884881045,0.3309716599190283,0.27923315244091174,0.2198491011502357,0.2842983248703834,0.21944274964409194
2021-03-01,0.711890637090534,0.6113490364025695,0.3701740076128329,0.741110258378102,0.39473684210526316,0.30507350706957137,0.22024105508086267,0.28721658376914716,0.24425462680496246
2021-04-01,0.7353623936033014,0.6517665952890792,0.37037792278412174,0.7631107700179078,0.4058704453441295,0.3309138616982308,0.2206330090114892,0.2901348426679111,0.26906650396583287
2021-05-01,0.725303069383544,0.7213597430406851,0.4076264274061989,0.755180353031466,0.3593117408906883,0.3488951931459663,0.22132597900322448,0.30051744915317924,0.2782184258694326
2021-06-01,0.7492906886768118,0.6833511777301926,0.4595568243610657,0.7856229214632902,0.3350202429149798,0.366876524593702,0.22201894899495933,0.31090005563844714,0.2873703477730324
2021-07-01,0.7131802940417846,0.6735367594575301,0.4892604676454595,0.7513430544896393,0.3026315789473685,0.3848578560414375,0.22271191898669462,0.32128266212371503,0.2965222696766321
2021-08-01,0.7098271859685323,0.6792469664525338,0.47587003806416517,0.7475057559478131,0.2732793522267206,0.4094416188877812,0.2241096298793117,0.3176901230540834,0.3136058572300183
2021-09-01,0.7706989940675779,0.6693433261955746,0.5496873300706906,0.8025070350473267,0.2489878542510121,0.4340253817341251,0.22550734077192924,0.31409758398445176,0.33068944478340456
2021-10-01,0.8109362909466085,0.6894182726623839,0.6597335508428493,0.8324379636735739,0.25,0.45860914458046875,0.22690505166454678,0.3105050449148201,0.3477730323367907
2021-11-01,0.8235749290688674,0.7061920057102069,0.6029091897770527,0.8413916602711691,0.2419028340080972,0.4949253570282528,0.2296185689292054,0.30813085437085097,0.33292658124872887
2021-12-01,0.8418880577766314,0.7184154175588864,0.5849646547036432,0.8546942952161678,0.23582995951417007,0.5312415694760368,0.23233208619386403,0.30575666382688205,0.31808013016066716
2022-01-01,0.8349239102398762,0.7764989293361881,0.6457313757476889,0.8490662573548224,0.26113360323886636,0.5675577819238209,0.23504560345852266,0.3033824732829129,0.30323367907260523
2022-02-01,0.8648439515088988,0.8437723054960742,0.7134312126155519,0.8741366078280888,0.25303643724696356,0.5951431662705209,0.23679905027829706,0.3143968961272201,0.31930038641448044
2022-03-01,0.939901986071705,0.9864382583868663,0.9303969548667752,0.9457661806088518,0.23886639676113364,0.6227285506172209,0.23855249709807147,0.32541131897152753,0.33536709375635554
2022-04-01,1.0,0.9999999999999998,0.8624252311038607,1.0,0.21963562753036436,0.6503139349639209,0.24030594391784543,0.33642574181583473,0.35143380109823064
